nickname,desc,blog,weibo,github,header
唐巧,iOS Swift 读书笔记,http://blog.devtang.com/,https://weibo.com/tangqiaoboy,https://github.com/tangqiaoboy,https://tva4.sinaimg.cn/crop.0.2.1242.1242.180/65dc76a3jw8exkme9y57dj20yi0ymabn.jpg
王巍(喵神),Swift,https://onevcat.com/,https://weibo.com/onevcat,https://github.com/onevcat,https://tva3.sinaimg.cn/crop.0.0.180.180.180/83bbf18djw1e8qgp5bmzyj2050050aa8.jpg
戴铭,Swift，OC，编译，图图,http://t.cn/RSjPCJ6,http://weibo.com/allstarming,http://t.cn/RuP8lEx,http://t.cn/RuP8lEI
iOS程序犭袁,iOS,https://www.jianshu.com/u/96a14318a4de,https://weibo.com/luohanchenyilong,https://github.com/ChenYilong,https://tva1.sinaimg.cn/crop.0.0.511.511.180/64dfd849gw1ep43ip52qlj20e80e840a.jpg
折腾范儿_味精,iOS，大前端,http://awhisper.github.io/?from=inf&wvr=5&loc=infblog,https://weibo.com/agvicking,https://github.com/Awhisper,https://tvax3.sinaimg.cn/crop.0.0.512.512.180/678c3e91ly8fpc40w5yfjj20e80e8dg5.jpg
MrPeak,iOS,http://mrpeak.cn,https://weibo.com/1993445913/profile,https://github.com/music4kid,https://avatars0.githubusercontent.com/u/5007149?s=400&u=a1d0743e131c5de433fe0007b003b529854bfeb0&v=4
叶孤城,iOS,https://zhuanlan.zhihu.com/zangqilong,https://weibo.com/u/1438670852,https://github.com/Zangqilong,https://tvax4.sinaimg.cn/crop.0.0.1242.1242.180/55c06004ly8fk0tddvcivj20yi0yin0t.jpg
everettjf,安全,https://everettjf.github.io,https://weibo.com/everettjf,https://github.com/everettjf,https://everettjf.github.io/images/everettjf.png
bestswifter,工程化、全栈、效率,https://github.com/bestswifter/blog,https://weibo.com/bestswifter,https://github.com/bestswifter,https://avatars3.githubusercontent.com/u/8394612
halfrost,iOS，前端，后端，golang，Machine Learning,https://github.com/halfrost/Halfrost-Field,https://weibo.com/halfrost,https://github.com/halfrost,https://ob6mci30g.qnssl.com/me.jpg
EyreFree,iOS,https://www.eyrefree.org/,https://weibo.com/eyrefree777,https://github.com/EyreFree,https://avatars0.githubusercontent.com/u/10757132?s=460&v=4
AloneMonkey,逆向、安全,http://www.alonemonkey.com,https://weibo.com/xiaoqing28,https://github.com/AloneMonkey,https://tva4.sinaimg.cn/crop.0.6.315.315.180/6227738egw1ecj9s3fekaj208t0913yx.jpg
Joy_xx,工程效率、移动端性能、稳定性等,https://juejin.im/user/5656f11760b28da566412f03,https://weibo.com/5419850564,https://github.com/joy0304,https://upload-images.jianshu.io/upload_images/852671-ea9d77e88a4e7fbc.png?imageMogr2/auto-orient/strip%7CimageView2/2/w/1240
没故事的桌同学,iOS,https://www.jianshu.com/u/88a056103c02,https://weibo.com/u/1926303682,https://github.com/lacklock,https://tva4.sinaimg.cn/crop.0.0.750.750.180/72d10fc2jw8f8r4qjeggej20ku0kuwew.jpg
sunnyxx,非主流iOS程序猿,http://blog.sunnyxx.com/,https://weibo.com/u/1364395395,https://github.com/sunnyxx,https://tva2.sinaimg.cn/crop.125.0.263.263.180/51530583jw8enrkkdsb0dj20dw0afjse.jpg
YY,YYKit作者,https://blog.ibireme.com/,,https://github.com/ibireme,https://avatars3.githubusercontent.com/u/839283?s=460&v=4
bang,JSPatch作者,http://blog.cnbang.net/about/,https://weibo.com/bang,https://github.com/bang590,https://avatars2.githubusercontent.com/u/329480?s=460&v=4
周楷文,设计开发,http://zhowkev.in/,https://weibo.com/kevinzhow,,https://tvax1.sinaimg.cn/crop.0.0.1125.1125.180/68c9c44dly8fmyxy9dx39j20v90v93zc.jpg
WeRead团队博客,微信读书团队博客,http://wereadteam.github.io/,none,none,https://tva4.sinaimg.cn/crop.0.0.1024.1024.180/006cZPugjw8evlmn1esibj30sg0sg0u3.jpg
J_Knight_,iOS,http://t.cn/RuqLczv,http://t.cn/RuqLc7D,http://t.cn/RuqLc7e,http://t.cn/RuqLc7F
里脊串,iOS,http://adad184.com/archives/,https://www.weibo.com/ljc1986,https://github.com/adad184,https://tvax2.sinaimg.cn/crop.0.0.512.512.180/7104902cly8fj3zx6zwj6j20e80e8t8x.jpg
李忠,iOS,http://limboy.me/,none,https://github.com/lzyy,https://avatars3.githubusercontent.com/u/35974?s=460&v=4
Casa Taloyum,架构,https://casatwy.com/iOS-Modulization.html,https://weibo.com/casatwy,https://github.com/casatwy,https://tva2.sinaimg.cn/crop.0.14.750.750.180/71dc54d3jw8f6o7ipr6gij20ku0ln41c.jpg
杨萧玉,iOS，逆向,http://yulingtianxia.com/,https://weibo.com/yulingtianxia,https://github.com/yulingtianxia,https://tva1.sinaimg.cn/crop.0.0.640.640.180/642c5793jw8es1tzsl205j20hs0hst9g.jpg
Draveness,"RAC, iOS",https://draveness.me/index,https://weibo.com/u/5123574960,,https://tva3.sinaimg.cn/crop.0.0.750.750.180/005AJZTOjw8f37od44xcgj30ku0kujtf.jpg
StackOverflowError,JSBox 作者,https://zhuanlan.zhihu.com/cocoanotes,https://weibo.com/0x00eeee,https://github.com/cyanzhong,https://tva2.sinaimg.cn/crop.0.0.180.180.180/693eeff4jw1e8qgp5bmzyj2050050aa8.jpg
Swift Talk,Swift,https://talk.objc.io/,,,https://github.com/awesome-tips/blogs/blob/master/avatar/swift_talk.png?raw=true
南峰子_老驴,iOS，前端,https://weibo.com/touristdiary,https://weibo.com/touristdiary,http://southpeak.github.io/,https://tva1.sinaimg.cn/crop.1.0.1366.1366.180/c5ff030ejw8f5bbc70i61j212011yq80.jpg
Lefe_x,iOS，大前端,https://github.com/lefex/LefexWork,https://weibo.com/u/5953150140,https://github.com/lefex,https://tva4.sinaimg.cn/crop.8.0.1226.1226.180/006uSOiEjw8f9h4ihstq4j30yi0y2gnq.jpg
Vong_HUST,iOS,http://vongloo.me/,https://weibo.com/VongLo,https://github.com/wang9262,https://tvax3.sinaimg.cn/crop.0.0.667.667.180/ba81ca29ly8fhu4meonedj20ij0ijgmh.jpg
故胤道长,iOS，算法,https://www.jianshu.com/u/8d5b91490ca5,https://weibo.com/soapyigu,https://github.com/soapyigu,https://tva4.sinaimg.cn/crop.14.0.721.721.180/6cf34ee4jw8f8rdmtzzgmj20ku0k10t5.jpg
高老师很忙,iOS,,https://weibo.com/517082456,https://github.com/yongyuegao,https://tva4.sinaimg.cn/crop.0.0.1242.1242.180/5fe18d75jw8evft9qcjh5j20yi0yigo5.jpg
halohily,iOS,https://halohily.com/,http://weibo.com/halohily,https://github.com/halohily,https://tva4.sinaimg.cn/crop.9.0.493.493.180/d9ec7ffcjw8f8a753z961j20e80dp0t3.jpg
KANGZUBIN,iOS,https://kangzubin.com,https://weibo.com/kangzubin,https://github.com/kangzubin,https://tva3.sinaimg.cn/crop.0.0.440.440.180/621b53aejw8ekybg28hxzj20c80c83z0.jpg
冬瓜,iOS Python 算法,http://desgard.com/,https://weibo.com/desgard,https://github.com/desgard,https://avatars2.githubusercontent.com/u/7804535
五子棋,iOS,http://satanwoo.github.io,https://weibo.com/u/1961684153,https://github.com/satanwoo,https://avatars0.githubusercontent.com/u/1303079?s=460&v=4
